"0","cat(""Dimensions of ilabs.flow before reporting range selection:"", dim(msbp.final), ""\n"")"
"1","Dimensions of ilabs.flow before reporting range selection:"
"1"," "
"1","6685"
"1"," "
"1","18"
"1"," "
"1","
"
"0","msbp.final <- msbp.final %>% dplyr::filter(between(Purchase.Date, as.Date(""2020-05-01""), as.Date(""2025-10-31"")))"
"0","cat(""Dimensions of ilabs.flow after reporting range selection:"", dim(msbp.final), ""\n"")"
"1","Dimensions of ilabs.flow after reporting range selection:"
"1"," "
"1","6320"
"1"," "
"1","18"
"1"," "
"1","
"
