"0","cat(""Dimensions of ilabs.flow before reporting range selection:"", dim(ilabs.flow), ""\n"")"
"1","Dimensions of ilabs.flow before reporting range selection:"
"1"," "
"1","54392"
"1"," "
"1","18"
"1"," "
"1","
"
"0","ilabs.flow <- ilabs.flow %>% dplyr::filter(between(Purchase.Date, as.Date(""2020-05-01""), as.Date(""2025-10-31"")))"
"0","cat(""Dimensions of ilabs.flow after reporting range selection:"", dim(ilabs.flow), ""\n"")"
"1","Dimensions of ilabs.flow after reporting range selection:"
"1"," "
"1","51710"
"1"," "
"1","18"
"1"," "
"1","
"
